{
  "IsEncrypted": false,
  "Values": {
    "AzureWebJobsStorage": "DefaultEndpointsProtocol=https;AccountName=buslaprodbestmaen;AccountKey=UNCyBwOsdteeCOknptSDirOKXYQS0/FilcxzvxHiuF6DWH9pXcQo27tS+JtbppvsGPbwL1LNEoei+AStp6PxJQ==;EndpointSuffix=core.windows.net",
    "FUNCTIONS_WORKER_RUNTIME": "python",
    "AzureWebJobsFeatureFlags": "EnableWorkerIndexing",
    "ServiceBusConnection": "Endpoint=sb://buslapappsbqmaen.servicebus.windows.net/;SharedAccessKeyName=RootManageSharedAccessKey;SharedAccessKey=hODFxnC3QQ/nPXdbLgwVRWL6nYRjJZS/N+ASbBMexrw="
  }
}